Customer ID,Customer Name,Segment,Cluster,Recency,Frequency,Monetary
AA-10315,Alex Avila,At-Risk,1,185,5,5563.56
AA-10375,Allen Armold,Champions,0,20,9,1056.39
AA-10480,Andrew Allen,At-Risk,1,260,4,1790.51
AA-10645,Anna Andreadi,Hibernating,2,56,6,5086.93
AB-10015,Aaron Bergman,At-Risk,1,416,3,886.16
AB-10060,Adam Bellavance,Hibernating,2,55,8,7755.62
AB-10105,Adrian Barton,Hibernating,2,42,10,14473.57
AB-10150,Aimee Bixby,At-Risk,1,42,5,966.71
AB-10165,Alan Barnes,Champions,0,26,8,1113.84
AB-10255,Alejandro Ballentine,Hibernating,2,167,9,914.53
AB-10600,Ann Blume,At-Risk,1,51,4,1515.86
AC-10420,Alyssa Crouse,At-Risk,1,233,3,925.8
AC-10450,Amy Cox,Champions,0,12,7,5527.85
AC-10615,Ann Chong,Champions,0,7,5,2537.69
AC-10660,Anna Chung,At-Risk,1,283,5,657.32
AD-10180,Alan Dominguez,Hibernating,2,30,8,6106.88
AF-10870,Art Ferguson,Champions,0,42,7,2052.91
AF-10885,Art Foster,At-Risk,1,416,4,861.56
AG-10270,Alejandro Grove,At-Risk,1,279,5,2582.9
AG-10300,Aleksandra Gannaway,Loyal,3,119,4,367.55
AG-10330,Alex Grayson,Champions,0,9,5,660.97
AG-10390,Allen Goldenen,Loyal,3,115,5,200.94
AG-10495,Andrew Gjertsen,Hibernating,2,79,8,2356.86
AG-10525,Andy Gerbode,At-Risk,1,846,4,1455.04
AG-10675,Anna Gayman,Hibernating,2,98,7,3489.04
AG-10765,Anthony Garverick,Loyal,3,78,4,170.58
AG-10900,Arthur Gainer,Hibernating,2,97,10,4510.8
AH-10030,Aaron Hawkins,Champions,0,13,7,1744.7
AH-10075,Adam Hart,Hibernating,2,35,10,3250.34
AH-10120,Adrian Hane,Hibernating,2,61,7,1735.51
AH-10195,Alan Haines,At-Risk,1,56,4,1587.45
AH-10210,Alan Hwang,Champions,0,7,9,4805.34
AH-10465,Amy Hunt,At-Risk,1,231,5,2495.39
AH-10585,Angele Hood,Champions,0,22,4,738.5
AH-10690,Anna Häberlin,Hibernating,2,411,12,7888.29
AI-10855,Arianne Irving,Champions,0,14,10,4375.79
AJ-10780,Anthony Jacobs,Hibernating,2,76,7,4867.34
AJ-10795,Anthony Johnson,Hibernating,2,167,7,4501.39
AJ-10945,Ashley Jarboe,Hibernating,2,86,7,1839.24
AJ-10960,Astrea Jones,Loyal,3,75,3,629.25
AM-10360,Alice McCarthy,Champions,0,29,5,814.01
AM-10705,Anne McFarland,Hibernating,2,163,8,5664.02
AO-10810,Anthony O'Donnell,Loyal,3,502,1,161.28
AP-10720,Anne Pryor,Champions,0,42,8,1638.55
AP-10915,Arthur Prichep,Hibernating,2,99,10,3323.56
AR-10345,Alex Russell,At-Risk,1,112,4,1055.69
AR-10405,Allen Rosenblatt,At-Risk,1,126,5,2236.13
AR-10510,Andrew Roberts,Champions,0,15,5,264.86
AR-10540,Andy Reiter,Champions,0,7,6,6608.45
AR-10570,Anemone Ratner,Loyal,3,535,1,88.15
AR-10825,Anthony Rawles,Hibernating,2,59,8,4523.34
AS-10045,Aaron Smayling,Hibernating,2,89,7,3050.69
AS-10090,Adam Shillingsburg,Hibernating,2,29,9,3255.31
AS-10135,Adrian Shami,Loyal,3,42,2,58.82
AS-10225,Alan Schoenberger,Champions,0,23,5,4260.78
AS-10240,Alan Shonely,At-Risk,1,193,7,584.61
AS-10285,Alejandro Savely,Champions,0,20,6,3214.24
AS-10630,Ann Steele,At-Risk,1,93,7,833.4
AT-10435,Alyssa Tate,Champions,0,22,6,1171.81
AT-10735,Annie Thurman,Champions,0,14,10,3831.86
AW-10840,Anthony Witt,Champions,0,21,4,649.38
AW-10930,Arthur Wiediger,Hibernating,2,47,7,2852.97
AY-10555,Andy Yotov,Champions,0,15,4,497.01
AZ-10750,Annie Zypern,At-Risk,1,161,6,1622.02
BB-10990,Barry Blumstein,At-Risk,1,106,5,744.34
BB-11545,Brenda Bowman,Hibernating,2,29,9,6765.73
BC-11125,Becky Castell,Hibernating,2,203,9,2933.68
BD-11320,Bill Donatelli,Hibernating,2,34,12,5718.52
BD-11500,Bradley Drucker,Champions,0,36,6,4411.24
BD-11560,Brendan Dodson,Loyal,3,279,2,320.54
BD-11605,Brian Dahlen,Hibernating,2,98,7,3288.47
BD-11620,Brian DeCherney,At-Risk,1,70,6,1538.11
BD-11635,Brian Derr,Champions,0,10,3,582.65
BD-11725,Bruce Degenhardt,At-Risk,1,94,6,1526.5
BD-11770,Bryan Davis,At-Risk,1,328,6,658.47
BE-11335,Bill Eplett,At-Risk,1,120,5,4204.68
BE-11410,Bobby Elias,At-Risk,1,99,5,2261.44
BE-11455,Brad Eason,At-Risk,1,255,6,1727.65
BF-10975,Barbara Fisher,At-Risk,1,92,7,599.8
BF-11005,Barry Franz,At-Risk,1,40,4,1333.88
BF-11020,Barry Französisch,Hibernating,2,75,8,2888.51
BF-11080,Bart Folk,Loyal,3,26,3,272.95
BF-11170,Ben Ferrer,Hibernating,2,17,11,5907.97
BF-11215,Benjamin Farhat,At-Risk,1,66,4,1585.16
BF-11275,Beth Fritzler,At-Risk,1,58,3,791.99
BG-11035,Barry Gonzalez,Champions,0,29,8,2798.95
BG-11695,Brooke Gillingham,Champions,0,37,6,1874.17
BG-11740,Bruce Geld,At-Risk,1,58,6,1006.36
BH-11710,Brosina Hoffman,Hibernating,2,24,8,6255.35
BK-11260,Berenike Kampe,At-Risk,1,78,6,659.14
BM-11140,Becky Martin,At-Risk,1,308,4,11789.63
BM-11575,Brendan Murry,At-Risk,1,101,6,808.16
BM-11650,Brian Moss,Hibernating,2,34,11,7294.18
BM-11785,Bryan Mills,Hibernating,2,219,10,1338.84
BN-11470,Brad Norvell,Loyal,3,25,4,265.3
BN-11515,Bradley Nguyen,Champions,0,10,5,1459.34
BO-11350,Bill Overfelt,At-Risk,1,138,5,2682.73
BO-11425,Bobby Odegard,Loyal,3,76,2,130.83
BP-11050,Barry Pond,At-Risk,1,84,5,983.42
BP-11095,Bart Pistole,Champions,0,18,12,2442.04
BP-11155,Becky Pak,At-Risk,1,90,6,1697.86
BP-11185,Ben Peterman,Champions,0,2,9,3675.86
BP-11230,Benjamin Patterson,Champions,0,40,5,1181.49
BP-11290,Beth Paige,Champions,0,13,7,2475.16
BS-11365,Bill Shonely,At-Risk,1,559,5,10501.65
BS-11380,Bill Stewart,Champions,0,29,5,3887.83
BS-11590,Brendan Sweed,Champions,0,36,6,2454.93
BS-11665,Brian Stugart,At-Risk,1,583,3,3288.11
BS-11755,Bruce Stewart,Champions,0,2,7,2562.38
BS-11800,Bryan Spruell,Loyal,3,266,2,949.43
BT-11305,Beth Thompson,At-Risk,1,337,5,2567.66
BT-11395,Bill Tyler,At-Risk,1,303,6,2186.61
BT-11440,Bobby Trafton,At-Risk,1,561,4,603.88
BT-11485,Brad Thomas,Loyal,3,660,2,415.2
BT-11530,Bradley Talbott,At-Risk,1,92,5,2684.49
BT-11680,Brian Thompson,Champions,0,21,7,3196.75
BV-11245,Benjamin Venier,At-Risk,1,335,5,1523.27
BW-11065,Barry Weirich,Loyal,3,213,3,385.52
BW-11110,Bart Watters,Hibernating,2,122,8,4750.36
BW-11200,Ben Wallace,At-Risk,1,204,6,1738.41
CA-11965,Carol Adams,Hibernating,2,97,6,3789.72
CA-12055,Cathy Armstrong,At-Risk,1,402,5,1679.72
CA-12265,Christina Anderson,Hibernating,2,57,9,2648.29
CA-12310,Christine Abelman,Champions,0,14,4,1421.95
CA-12775,Cynthia Arntzen,Hibernating,2,121,7,3041.57
CB-12025,Cassandra Brandow,Hibernating,2,48,10,6076.14
CB-12415,Christy Brittain,Champions,0,27,8,1949.2
CB-12535,Claudia Bergmann,Hibernating,2,198,8,4246.46
CC-12100,Chad Cunningham,At-Risk,1,458,6,1770.94
CC-12145,Charles Crestani,Hibernating,2,107,7,2471.65
CC-12220,Chris Cortes,Hibernating,2,21,12,3913.42
CC-12370,Christopher Conant,Hibernating,2,44,5,12129.07
CC-12430,Chuck Clark,Champions,0,1,10,2870.05
CC-12475,Cindy Chapman,Hibernating,2,40,9,1659.44
CC-12550,Clay Cheatham,Loyal,3,28,3,113.83
CC-12610,Corey Catlett,Champions,0,35,7,2540.63
CC-12670,Craig Carreira,Champions,0,30,7,2269.7
CC-12685,Craig Carroll,At-Risk,1,800,4,2854.12
CD-11920,Carlos Daly,Champions,0,41,5,2033.97
CD-11980,Carol Darley,Loyal,3,55,3,639.77
CD-12280,Christina DeMoss,Loyal,3,43,2,1205.58
CD-12790,Cynthia Delaney,At-Risk,1,400,5,1860.73
CG-12040,Catherine Glotzbach,At-Risk,1,50,6,904.47
CG-12520,Claire Gute,At-Risk,1,339,3,1148.78
CH-12070,Cathy Hwang,At-Risk,1,692,3,1537.24
CJ-11875,Carl Jackson,Loyal,3,366,1,16.52
CJ-12010,Caroline Jumper,Hibernating,2,190,8,11164.97
CK-12205,Chloris Kastensmidt,Hibernating,2,40,13,3154.86
CK-12325,Christine Kargatis,At-Risk,1,121,5,2945.32
CK-12595,Clytie Kelty,Hibernating,2,44,11,2372.75
CK-12760,Cyma Kinney,Hibernating,2,83,9,1582.11
CL-11890,Carl Ludwig,At-Risk,1,107,4,1262.01
CL-12565,Clay Ludtke,Hibernating,2,285,12,10880.55
CL-12700,Craig Leslie,At-Risk,1,106,5,2353.59
CM-11815,Candace McMahon,At-Risk,1,132,6,1673.89
CM-11935,Carlos Meador,Loyal,3,709,2,565.39
CM-12115,Chad McGuire,Champions,0,9,4,1661.61
CM-12160,Charles McCrossin,Champions,0,27,6,2533.31
CM-12190,Charlotte Melton,Champions,0,9,6,1475.14
CM-12235,Chris McAfee,At-Risk,1,386,5,2305.71
CM-12385,Christopher Martinez,Champions,0,38,4,8954.02
CM-12445,Chuck Magee,Loyal,3,437,3,287.99
CM-12655,Corinna Mitchell,Champions,0,28,6,6339.56
CM-12715,Craig Molinari,At-Risk,1,1036,4,3984.45
CP-12085,Cathy Prescott,Hibernating,2,83,8,5402.25
CP-12340,Christine Phan,Hibernating,2,161,8,5888.28
CR-12580,Clay Rozendal,At-Risk,1,58,4,2148.85
CR-12625,Corey Roper,Loyal,3,471,3,475.9
CR-12730,Craig Reiter,At-Risk,1,79,4,1600.55
CR-12820,Cyra Reiten,At-Risk,1,86,3,1397.87
CS-11845,Cari Sayre,At-Risk,1,92,5,1278.95
CS-11860,Cari Schnelling,At-Risk,1,163,6,537.63
CS-11950,Carlos Soltero,Hibernating,2,26,11,3036.55
CS-12130,Chad Sievert,At-Risk,1,490,4,884.64
CS-12175,Charles Sheldon,At-Risk,1,233,5,844.46
CS-12250,Chris Selesnick,Hibernating,2,27,12,2754.22
CS-12355,Christine Sundaresam,Champions,0,7,11,3202.16
CS-12400,Christopher Schild,Champions,0,3,9,3651.86
CS-12460,Chuck Sachs,Loyal,3,28,2,550.64
CS-12490,Cindy Schnelling,At-Risk,1,425,4,1077.23
CS-12505,Cindy Stewart,Hibernating,2,59,6,5690.05
CT-11995,Carol Triggs,Hibernating,2,97,8,3241.9
CV-12295,Christina VanderZanden,At-Risk,1,255,5,2830.63
CV-12805,Cynthia Voltz,Champions,0,6,9,2370.31
CW-11905,Carl Weiss,Champions,0,23,6,1136.59
CY-12745,Craig Yedwab,Hibernating,2,61,8,2900.03
Co-12640,Corey-Lock,At-Risk,1,550,5,1300.08
DA-13450,Dianna Arnett,Loyal,3,353,4,156.76
DB-12910,Daniel Byrd,Champions,0,22,8,2171.6
DB-12970,Darren Budd,At-Risk,1,242,5,2839.23
DB-13060,Dave Brooks,Champions,0,17,7,4531.65
DB-13120,David Bremer,Hibernating,2,49,7,2973.09
DB-13210,Dean Braden,Champions,0,10,10,2332.58
DB-13270,Deborah Brumfield,Hibernating,2,54,8,4655.9
DB-13360,Dennis Bolton,At-Risk,1,265,5,1081.47
DB-13405,Denny Blanton,At-Risk,1,188,4,1711.69
DB-13555,Dorothy Badders,Hibernating,2,108,7,3908.8
DB-13615,Doug Bickford,Champions,0,34,7,1989.05
DB-13660,Duane Benoit,Champions,0,13,7,1155.2
DC-12850,Dan Campbell,Hibernating,2,38,9,3336.17
DC-13285,Debra Catini,Champions,0,24,5,1174.62
DD-13570,Dorothy Dickinson,At-Risk,1,42,6,269.54
DE-13255,Deanra Eno,At-Risk,1,720,5,2550.87
DF-13135,David Flashing,At-Risk,1,701,3,2390.53
DG-13300,Deirdre Greer,Champions,0,33,5,3195.82
DH-13075,Dave Hallsten,Hibernating,2,278,6,4932.87
DH-13675,Duane Huffman,At-Risk,1,777,4,1043.1
DJ-13420,Denny Joy,At-Risk,1,638,4,2012.52
DJ-13510,Don Jones,Hibernating,2,49,8,2501.69
DJ-13630,Doug Jacobs,Champions,0,13,3,3356.4
DK-12835,Damala Kotsonis,Hibernating,2,22,12,3256.48
DK-12895,Dana Kaydos,Champions,0,46,5,4282.18
DK-12985,Darren Koutras,Champions,0,8,5,1687.04
DK-13090,Dave Kipp,Hibernating,2,43,7,2650.56
DK-13150,David Kendrick,Loyal,3,11,2,797.83
DK-13225,Dean Katz,Champions,0,11,9,4802.39
DK-13375,Dennis Kane,Champions,0,20,8,3318.49
DL-12865,Dan Lawera,Hibernating,2,101,8,1503.11
DL-12925,Daniel Lacy,Hibernating,2,58,6,3272.2
DL-13315,Delfina Latchford,Champions,0,23,8,1458.26
DL-13330,Denise Leinenbach,At-Risk,1,58,4,585.02
DL-13495,Dionis Lloyd,Hibernating,2,77,8,3539.32
DM-12955,Dario Medina,At-Risk,1,115,7,1322.03
DM-13015,Darrin Martin,Hibernating,2,58,7,6345.1
DM-13345,Denise Monton,Champions,0,23,8,4074.47
DM-13525,Don Miller,At-Risk,1,482,3,1376.79
DN-13690,Duane Noonan,At-Risk,1,218,7,2139.79
DO-13435,Denny Ordway,Hibernating,2,134,9,1300.03
DO-13645,Doug O'Connell,Champions,0,27,7,1267.32
DP-13000,Darren Powers,Hibernating,2,127,9,1050.64
DP-13105,Dave Poirier,Champions,0,7,8,2215.0
DP-13165,David Philippe,Loyal,3,813,2,1058.62
DP-13390,Dennis Pardue,Hibernating,2,359,9,5480.72
DR-12880,Dan Reichenbach,Champions,0,4,9,6528.03
DR-12940,Daniel Raglin,Hibernating,2,51,8,8350.87
DS-13030,Darrin Sayre,At-Risk,1,94,4,1762.21
DS-13180,David Smith,Champions,0,24,9,2881.81
DV-13045,Darrin Van Huff,Champions,0,20,5,1119.48
DV-13465,Dianna Vittorini,Champions,0,30,6,3341.59
DW-13195,David Wiener,At-Risk,1,70,6,1080.75
DW-13480,Dianna Wilson,At-Risk,1,218,5,5271.63
DW-13540,Don Weiss,At-Risk,1,99,5,344.08
DW-13585,Dorothy Wardle,At-Risk,1,243,7,1204.85
Dl-13600,Dorris liebe,At-Risk,1,120,5,755.6
Dp-13240,Dean percer,Hibernating,2,85,11,7198.76
EA-14035,Erin Ashbrook,Hibernating,2,153,13,2846.7
EB-13705,Ed Braxton,Hibernating,2,49,9,3644.98
EB-13750,Edward Becker,Hibernating,2,36,10,3236.31
EB-13840,Ellis Ballard,At-Risk,1,91,5,4358.13
EB-13870,Emily Burns,Hibernating,2,101,10,2767.22
EB-13930,Eric Barreto,At-Risk,1,162,5,944.6
EB-13975,Erica Bern,Champions,0,1,4,1643.26
EB-14110,Eugene Barchas,Hibernating,2,114,6,3071.13
EB-14170,Evan Bailliet,At-Risk,1,83,6,1186.33
EC-14050,Erin Creighton,At-Risk,1,54,5,461.91
ED-13885,Emily Ducich,Hibernating,2,136,8,3484.92
EG-13900,Emily Grady,Champions,0,23,5,1832.02
EH-13765,Edward Hooks,Hibernating,2,136,12,10310.88
EH-13945,Eric Hoffmann,At-Risk,1,218,8,684.17
EH-13990,Erica Hackney,At-Risk,1,406,6,825.95
EH-14005,Erica Hernandez,Champions,0,3,7,1219.53
EH-14125,Eugene Hildebrand,Hibernating,2,153,10,3082.65
EH-14185,Evan Henry,At-Risk,1,106,6,923.88
EJ-13720,Ed Jacobs,At-Risk,1,303,4,2162.17
EJ-14155,Eva Jacobs,At-Risk,1,58,5,2656.69
EK-13795,Eileen Kiefer,At-Risk,1,45,4,1303.48
EL-13735,Ed Ludwig,Loyal,3,78,2,124.28
EM-13810,Eleni McCrary,At-Risk,1,133,5,2567.01
EM-13825,Elizabeth Moffitt,Hibernating,2,56,8,2339.6
EM-13960,Eric Murdock,At-Risk,1,152,5,933.7
EM-14065,Erin Mull,Loyal,3,48,4,228.99
EM-14095,Eudokia Martin,At-Risk,1,114,4,1041.04
EM-14140,Eugene Moren,Hibernating,2,49,6,4588.44
EM-14200,Evan Minnotte,Loyal,3,159,3,366.82
EN-13780,Edward Nazzal,At-Risk,1,288,4,2199.37
EP-13915,Emily Phan,Hibernating,2,13,17,5478.06
ER-13855,Elpida Rittenbach,At-Risk,1,422,3,1245.79
ES-14020,Erica Smith,Champions,0,41,5,3510.46
ES-14080,Erin Smith,Hibernating,2,29,9,4657.92
FA-14230,Frank Atkinson,Hibernating,2,98,7,2984.05
FC-14245,Frank Carlisle,Hibernating,2,71,7,3418.74
FC-14335,Fred Chung,Hibernating,2,185,7,3889.37
FG-14260,Frank Gastineau,Champions,0,35,7,1383.14
FH-14275,Frank Hawley,Hibernating,2,38,10,4256.27
FH-14350,Fred Harton,At-Risk,1,213,4,2271.28
FH-14365,Fred Hopkins,Champions,0,6,8,6987.2
FM-14215,Filia McAdams,Champions,0,8,10,2456.64
FM-14290,Frank Merwin,Hibernating,2,37,9,3736.2
FM-14380,Fred McMath,Hibernating,2,146,9,2523.27
FO-14305,Frank Olsen,Hibernating,2,39,10,2678.44
FP-14320,Frank Preis,Champions,0,24,8,4046.75
FW-14395,Fred Wasserman,Loyal,3,363,3,79.75
GA-14515,George Ashbrook,Hibernating,2,150,8,3919.78
GA-14725,Guy Armstrong,Champions,0,6,11,1398.38
GB-14530,George Bell,Hibernating,2,63,11,1568.44
GB-14575,Giulietta Baptist,Champions,0,14,5,4716.29
GD-14590,Giulietta Dortch,Champions,0,6,4,1888.07
GG-14650,Greg Guthrie,Hibernating,2,44,9,2224.0
GH-14410,Gary Hansen,Hibernating,2,76,9,2819.47
GH-14425,Gary Hwang,At-Risk,1,51,4,4172.85
GH-14485,Gene Hale,Loyal,3,388,2,1361.24
GH-14665,Greg Hansen,Loyal,3,3,2,146.94
GK-14620,Grace Kelly,Hibernating,2,113,9,6497.27
GM-14440,Gary McGarr,Hibernating,2,84,7,3582.82
GM-14455,Gary Mitchum,Champions,0,17,6,3078.62
GM-14500,Gene McClure,Hibernating,2,107,10,1255.68
GM-14680,Greg Matthias,At-Risk,1,153,6,3163.63
GM-14695,Greg Maxwell,At-Risk,1,118,3,6049.97
GP-14740,Guy Phonely,Loyal,3,766,2,236.53
GR-14560,Georgia Rosenberg,Loyal,3,1136,2,1284.38
GT-14635,Grant Thornton,At-Risk,1,57,3,9351.21
GT-14710,Greg Tran,Hibernating,2,37,11,11820.12
GT-14755,Guy Thornton,Loyal,3,35,4,226.44
GW-14605,Giulietta Weimer,Champions,0,29,7,2189.02
GZ-14470,Gary Zandusky,Champions,0,8,9,4355.15
GZ-14545,George Zrebassa,At-Risk,1,158,4,2454.62
HA-14905,Helen Abelman,Hibernating,2,70,7,2163.3
HA-14920,Helen Andreada,Champions,0,21,8,2584.16
HD-14785,Harold Dahlen,Loyal,3,770,3,251.36
HE-14800,Harold Engle,Champions,0,13,4,883.53
HF-14995,Herbert Flentye,Champions,0,22,7,2533.16
HG-14845,Harry Greene,At-Risk,1,55,5,785.63
HG-14965,Henry Goldwyn,Hibernating,2,24,12,3247.64
HG-15025,Hunter Glantz,Champions,0,7,7,3690.28
HH-15010,Hilary Holden,Loyal,3,73,2,218.67
HJ-14875,Heather Jas,At-Risk,1,127,5,358.1
HK-14890,Heather Kirkland,Hibernating,2,152,8,4877.78
HL-15040,Hunter Lopez,Hibernating,2,44,6,12873.3
HM-14860,Harry Marie,Champions,0,3,10,8236.76
HM-14980,Henry MacAllister,At-Risk,1,248,4,736.28
HP-14815,Harold Pawlan,Champions,0,31,7,1990.31
HR-14770,Hallie Redmond,Champions,0,14,5,1299.29
HR-14830,Harold Ryan,Hibernating,2,160,7,5248.79
HW-14935,Helen Wasserman,Hibernating,2,118,8,9300.25
HZ-14950,Henia Zydlo,Champions,0,36,5,886.52
IG-15085,Ivan Gibson,At-Risk,1,72,4,744.57
IL-15100,Ivan Liston,Hibernating,2,143,7,5040.74
IM-15055,Ionia McGrath,At-Risk,1,410,3,2872.63
IM-15070,Irene Maddox,Hibernating,2,391,7,4930.47
JA-15970,Joseph Airdo,Hibernating,2,93,8,6491.03
JB-15400,Jennifer Braxton,Champions,0,8,10,1791.6
JB-15925,Joni Blumstein,At-Risk,1,738,3,900.55
JB-16000,Joy Bell-,Champions,0,44,7,644.12
JB-16045,Julia Barnett,Champions,0,8,5,2518.11
JC-15340,Jasper Cacioppo,Loyal,3,115,4,71.26
JC-15385,Jenna Caffey,Loyal,3,176,1,1058.11
JC-15775,John Castell,Hibernating,2,159,9,2772.06
JC-16105,Julie Creighton,At-Risk,1,58,5,858.58
JD-15790,John Dryer,At-Risk,1,118,5,2152.35
JD-15895,Jonathan Doherty,Hibernating,2,395,11,7610.86
JD-16015,Joy Daniels,At-Risk,1,113,6,385.43
JD-16060,Julia Dunbar,Loyal,3,301,3,695.44
JD-16150,Justin Deggeller,Hibernating,2,42,8,8828.03
JE-15475,Jeremy Ellison,At-Risk,1,194,6,1388.68
JE-15610,Jim Epp,Hibernating,2,49,7,7754.98
JE-15715,Joe Elijah,Hibernating,2,47,10,8697.84
JE-15745,Joel Eaton,Hibernating,2,52,13,6760.82
JE-16165,Justin Ellison,Champions,0,21,3,2697.25
JF-15190,Jamie Frazer,Hibernating,2,66,7,2279.59
JF-15295,Jason Fortune-,At-Risk,1,226,5,955.12
JF-15355,Jay Fein,At-Risk,1,106,6,1911.84
JF-15415,Jennifer Ferguson,Champions,0,3,6,2371.45
JF-15490,Jeremy Farry,Hibernating,2,122,11,1082.92
JF-15565,Jill Fjeld,Hibernating,2,55,8,4198.33
JG-15115,Jack Garza,At-Risk,1,759,3,2358.68
JG-15160,James Galang,Champions,0,2,11,6366.39
JG-15310,Jason Gross,Champions,0,3,6,2240.58
JG-15805,John Grady,At-Risk,1,224,6,1507.02
JH-15430,Jennifer Halladay,Champions,0,6,4,309.28
JH-15820,John Huston,At-Risk,1,175,6,528.91
JH-15910,Jonathan Howell,Champions,0,42,7,959.48
JH-15985,Joseph Holt,Hibernating,2,30,6,7955.0
JH-16180,Justin Hirsh,At-Risk,1,405,4,2256.39
JJ-15445,Jennifer Jackson,At-Risk,1,484,5,709.18
JJ-15760,Joel Jenkins,Loyal,3,754,2,195.0
JK-15205,Jamie Kunitz,Hibernating,2,62,5,4427.14
JK-15325,Jason Klamczynski,Loyal,3,288,3,383.81
JK-15370,Jay Kimmel,Hibernating,2,45,8,2709.63
JK-15625,Jim Karlsson,Hibernating,2,62,7,3760.03
JK-15640,Jim Kriz,Hibernating,2,181,9,4760.43
JK-15730,Joe Kamberova,Hibernating,2,85,10,4867.2
JK-16090,Juliana Krohn,Champions,0,29,3,3747.67
JK-16120,Julie Kriz,Hibernating,2,118,10,2932.48
JL-15130,Jack Lebron,Champions,0,9,6,1214.96
JL-15175,James Lanier,Champions,0,7,5,1571.52
JL-15235,Janet Lee,At-Risk,1,120,5,2203.7
JL-15505,Jeremy Lonsdale,Hibernating,2,50,6,3173.87
JL-15835,John Lee,Hibernating,2,22,11,9799.92
JL-15850,John Lucas,At-Risk,1,615,6,2725.26
JM-15250,Janet Martin,Champions,0,38,6,3159.12
JM-15265,Janet Molinari,Champions,0,38,5,1804.15
JM-15535,Jessica Myrick,Hibernating,2,103,7,1733.44
JM-15580,Jill Matthias,Champions,0,1,5,303.95
JM-15655,Jim Mitchum,Champions,0,9,5,864.95
JM-15865,John Murray,Hibernating,2,110,7,7625.08
JM-16195,Justin MacKendrick,Hibernating,2,58,10,2833.93
JO-15145,Jack O'Briant,Hibernating,2,58,9,3254.95
JO-15280,Jas O'Carroll,At-Risk,1,93,6,1934.27
JO-15550,Jesus Ocampo,At-Risk,1,216,5,1090.84
JP-15460,Jennifer Patt,Champions,0,38,7,1669.14
JP-15520,Jeremy Pistek,Champions,0,9,7,3635.59
JP-16135,Julie Prescott,Hibernating,2,103,9,1707.71
JR-15670,Jim Radford,Loyal,3,594,2,1156.66
JR-15700,Jocasta Rupert,Loyal,3,69,1,863.88
JR-16210,Justin Ritter,Champions,0,34,5,2201.69
JS-15595,Jill Stevenson,At-Risk,1,120,4,1417.65
JS-15685,Jim Sink,At-Risk,1,43,4,1131.06
JS-15880,John Stevenson,At-Risk,1,535,5,3868.02
JS-15940,Joni Sundaresam,At-Risk,1,464,5,469.17
JS-16030,Joy Smith,Champions,0,29,6,2516.49
JW-15220,Jane Waco,Hibernating,2,43,6,7721.71
JW-15955,Joni Wasserman,Champions,0,6,7,1244.09
JW-16075,Julia West,At-Risk,1,462,4,1428.73
KA-16525,Kelly Andreada,Champions,0,37,7,1519.51
KB-16240,Karen Bern,Champions,0,5,7,3152.62
KB-16315,Karl Braun,Hibernating,2,297,9,1569.46
KB-16405,Katrina Bavinger,At-Risk,1,118,3,908.82
KB-16585,Ken Black,Hibernating,2,231,12,2744.74
KB-16600,Ken Brennan,Champions,0,2,7,983.92
KC-16255,Karen Carlisle,At-Risk,1,408,6,2120.95
KC-16540,Kelly Collister,At-Risk,1,98,4,3908.26
KC-16675,Kimberly Carter,At-Risk,1,58,4,1146.05
KD-16270,Karen Daniels,At-Risk,1,485,5,8282.36
KD-16345,Katherine Ducich,Champions,0,42,6,1888.96
KD-16495,Keith Dawkins,Hibernating,2,113,12,8181.26
KD-16615,Ken Dana,At-Risk,1,290,5,2243.51
KE-16420,Katrina Edelman,Champions,0,27,8,1686.73
KF-16285,Karen Ferguson,Hibernating,2,98,7,10604.27
KH-16330,Katharine Harms,Hibernating,2,41,8,3312.86
KH-16360,Katherine Hughes,Champions,0,2,6,3100.61
KH-16510,Keith Herrera,Champions,0,23,7,5952.86
KH-16630,Ken Heidel,Hibernating,2,59,9,3918.97
KH-16690,Kristen Hastings,Champions,0,3,7,5990.8
KL-16555,Kelly Lampkin,Champions,0,17,8,5016.49
KL-16645,Ken Lonsdale,Hibernating,2,48,12,14175.23
KM-16225,Kalyca Meade,Champions,0,15,6,2260.96
KM-16375,Katherine Murray,Hibernating,2,57,8,5620.19
KM-16660,Khloe Miller,Champions,0,16,5,453.54
KM-16720,Kunst Miller,Hibernating,2,29,8,4909.47
KN-16390,Katherine Nockton,Champions,0,20,9,2617.27
KN-16450,Kean Nguyen,At-Risk,1,53,5,2171.96
KN-16705,Kristina Nunn,Hibernating,2,99,8,2280.58
KS-16300,Karen Seio,Loyal,3,296,3,88.47
KT-16465,Kean Takahito,At-Risk,1,392,7,3057.1
KT-16480,Kean Thornton,Hibernating,2,101,10,4642.09
KW-16435,Katrina Willman,At-Risk,1,97,5,4416.52
KW-16570,Kelly Williams,Loyal,3,772,4,449.1
LA-16780,Laura Armstrong,Hibernating,2,155,11,8673.22
LB-16735,Larry Blacks,Loyal,3,49,3,50.19
LB-16795,Laurel Beltran,Hibernating,2,153,8,4985.68
LC-16870,Lena Cacioppo,Champions,0,28,8,2580.7
LC-16885,Lena Creighton,Hibernating,2,17,12,7663.13
LC-16930,Linda Cazamias,Hibernating,2,42,8,4492.95
LC-16960,Lindsay Castell,At-Risk,1,437,4,3246.63
LC-17050,Liz Carlisle,At-Risk,1,55,5,2095.06
LC-17140,Logan Currie,Champions,0,14,9,2633.58
LD-16855,Lela Donovan,Loyal,3,553,1,5.3
LD-17005,Lisa DeCherney,At-Risk,1,415,4,1961.93
LE-16810,Laurel Elliston,Champions,0,22,6,1469.45
LF-17185,Luke Foster,Champions,0,23,7,3930.51
LH-16750,Larry Hughes,Loyal,3,152,3,287.43
LH-16900,Lena Hernandez,Champions,0,22,9,2295.33
LH-17020,Lisa Hazard,Loyal,3,240,4,318.24
LH-17155,Logan Haushalter,Hibernating,2,386,9,1739.69
LL-16840,Lauren Leatherbury,At-Risk,1,250,6,2741.2
LM-17065,Liz MacKendrick,At-Risk,1,392,5,1346.77
LO-17170,Lori Olson,Champions,0,3,5,644.35
LP-17080,Liz Pelletier,At-Risk,1,41,4,756.61
LP-17095,Liz Preis,Champions,0,10,7,3653.4
LR-16915,Lena Radford,Champions,0,27,6,5142.89
LR-17035,Lisa Ryan,At-Risk,1,133,5,1879.31
LS-16945,Linda Southworth,At-Risk,1,179,6,2845.27
LS-16975,Lindsay Shagiari,Champions,0,21,9,2988.67
LS-17200,Luke Schmidt,At-Risk,1,97,6,1010.26
LS-17230,Lycoris Saunders,Loyal,3,778,3,368.88
LS-17245,Lynn Smith,Champions,0,35,6,1008.14
LT-16765,Larry Tron,Loyal,3,27,3,329.88
LT-17110,Liz Thompson,Hibernating,2,35,8,2936.25
LW-16825,Laurel Workman,At-Risk,1,89,5,2238.06
LW-16990,Lindsay Williams,Champions,0,34,6,3230.31
LW-17125,Liz Willingham,At-Risk,1,206,3,1259.04
LW-17215,Luke Weiss,Champions,0,22,7,5420.51
MA-17560,Matt Abelman,Hibernating,2,65,11,4299.16
MA-17995,Michelle Arnett,At-Risk,1,187,6,2453.28
MB-17305,Maria Bertelson,Hibernating,2,49,10,1548.7
MB-18085,Mick Brown,Champions,0,45,7,1428.23
MC-17275,Marc Crier,Hibernating,2,77,8,2725.98
MC-17425,Mark Cousins,At-Risk,1,400,5,4432.14
MC-17575,Matt Collins,Champions,0,28,8,1303.89
MC-17590,Matt Collister,Hibernating,2,52,6,2426.07
MC-17605,Matt Connell,Hibernating,2,113,8,2258.19
MC-17635,Matthew Clasen,At-Risk,1,190,4,795.15
MC-17845,Michael Chen,Champions,0,2,7,3805.71
MC-18100,Mick Crebagga,Hibernating,2,42,10,2218.98
MC-18130,Mike Caudle,At-Risk,1,370,5,1582.0
MD-17350,Maribeth Dona,Hibernating,2,118,7,3766.38
MD-17860,Michael Dominguez,Champions,0,37,5,1204.91
ME-17320,Maria Etezadi,Hibernating,2,43,10,10663.73
ME-17725,Max Engle,Champions,0,29,8,1908.45
ME-18010,Michelle Ellison,At-Risk,1,93,4,1256.94
MF-17665,Maureen Fritzler,At-Risk,1,422,5,937.04
MF-18250,Monica Federle,Champions,0,8,5,1758.3
MG-17650,Matthew Grinstein,Champions,0,30,7,3785.28
MG-17680,Maureen Gastineau,At-Risk,1,93,4,2350.19
MG-17695,Maureen Gnade,At-Risk,1,556,3,1342.28
MG-17875,Michael Grace,At-Risk,1,117,5,1242.83
MG-17890,Michael Granlund,Hibernating,2,100,9,776.38
MG-18145,Mike Gockenbach,At-Risk,1,85,4,3061.54
MG-18205,Mitch Gastineau,Loyal,3,265,1,16.74
MH-17290,Marc Harrigan,At-Risk,1,120,6,2394.02
MH-17440,Mark Haberlin,Loyal,3,377,4,400.02
MH-17455,Mark Hamilton,Hibernating,2,86,8,2456.18
MH-17620,Matt Hagelstein,At-Risk,1,156,4,1252.8
MH-17785,Maya Herman,Hibernating,2,99,7,2203.78
MH-18025,Michelle Huthwaite,Champions,0,50,5,2984.95
MH-18115,Mick Hernandez,Champions,0,6,9,5503.09
MJ-17740,Max Jones,Champions,0,23,7,6320.75
MK-17905,Michael Kennedy,Champions,0,29,8,2302.37
MK-18160,Mike Kennedy,At-Risk,1,241,4,1031.6
ML-17395,Marina Lichtenstein,Hibernating,2,70,9,2722.84
ML-17410,Maris LaWare,Hibernating,2,55,6,2921.5
ML-17755,Max Ludwig,Champions,0,30,7,2071.91
ML-18040,Michelle Lonsdale,Loyal,3,80,3,742.08
ML-18265,Muhammed Lee,Loyal,3,101,2,162.23
MM-17260,Magdelene Morse,At-Risk,1,169,4,1314.02
MM-17920,Michael Moore,Champions,0,8,11,3794.08
MM-18055,Michelle Moray,Hibernating,2,62,8,2749.88
MM-18280,Muhammed MacIntyre,Hibernating,2,86,9,775.41
MN-17935,Michael Nguyen,Champions,0,35,6,2477.95
MO-17500,Mary O'Rourke,At-Risk,1,73,4,922.49
MO-17800,Meg O'Connel,Hibernating,2,105,8,1687.03
MO-17950,Michael Oakman,Loyal,3,181,2,154.29
MP-17470,Mark Packer,At-Risk,1,720,7,3206.13
MP-17965,Michael Paige,Hibernating,2,73,9,3983.64
MP-18175,Mike Pelletier,Champions,0,17,9,5087.92
MR-17545,Mathew Reese,At-Risk,1,126,4,639.18
MS-17365,Maribeth Schnelling,Hibernating,2,274,10,7443.69
MS-17530,MaryBeth Skach,Loyal,3,435,4,475.66
MS-17710,Maurice Satty,At-Risk,1,414,6,1613.4
MS-17770,Maxwell Schwartz,Hibernating,2,122,9,3144.68
MS-17830,Melanie Seite,Loyal,3,453,4,370.35
MS-17980,Michael Stewart,Champions,0,27,6,855.12
MT-17815,Meg Tillman,Hibernating,2,50,6,2890.14
MT-18070,Michelle Tran,At-Risk,1,204,4,1319.45
MV-17485,Mark Van Huff,Champions,0,28,9,1560.05
MV-18190,Mike Vittorini,Champions,0,20,7,1734.57
MW-18220,Mitch Webber,Champions,0,18,7,5341.9
MW-18235,Mitch Willingham,At-Risk,1,45,2,5253.88
MY-17380,Maribeth Yedwab,Champions,0,30,7,2254.28
MY-18295,Muhammed Yedwab,Hibernating,2,72,11,4152.7
MZ-17335,Maria Zettner,At-Risk,1,31,4,593.61
MZ-17515,Mary Zewe,At-Risk,1,283,6,2564.91
NB-18580,Nicole Brennan,Loyal,3,1166,2,273.87
NB-18655,Nona Balk,Champions,0,20,9,1972.6
NC-18340,Nat Carroll,At-Risk,1,225,5,2461.4
NC-18415,Nathan Cano,Champions,0,42,6,2218.99
NC-18535,Nick Crebassa,Champions,0,7,7,8241.74
NC-18625,Noah Childs,At-Risk,1,205,5,1821.74
ND-18370,Natalie DeCherney,Hibernating,2,28,9,4326.14
ND-18460,Neil Ducich,At-Risk,1,184,6,2893.46
NF-18385,Natalie Fritzler,Hibernating,2,80,7,8322.83
NF-18475,Neil Französisch,Loyal,3,526,4,377.16
NF-18595,Nicole Fjeld,Hibernating,2,115,7,2031.47
NG-18355,Nat Gilpin,At-Risk,1,49,5,1869.58
NG-18430,Nathan Gelder,At-Risk,1,49,5,1395.94
NH-18610,Nicole Hansen,Hibernating,2,190,7,2673.29
NK-18490,Neil Knudson,At-Risk,1,71,7,572.05
NL-18310,Nancy Lomonaco,At-Risk,1,59,4,1418.09
NM-18445,Nathan Mautz,Hibernating,2,161,7,6459.34
NM-18520,Neoma Murray,Hibernating,2,245,10,2161.98
NP-18325,Naresj Patel,Champions,0,26,6,5529.62
NP-18670,Nora Paige,Hibernating,2,59,5,3908.4
NP-18685,Nora Pelletier,At-Risk,1,407,6,1228.7
NP-18700,Nora Preis,Hibernating,2,139,7,7903.18
NR-18550,Nick Radford,At-Risk,1,211,5,2367.28
NS-18505,Neola Schneider,Champions,0,7,4,2575.86
NS-18640,Noel Staavos,Hibernating,2,175,13,2964.82
NW-18400,Natalie Webber,Hibernating,2,173,7,7234.01
NZ-18565,Nick Zandusky,Hibernating,2,86,9,2488.31
ON-18715,Odella Nelson,Hibernating,2,411,9,1567.52
OT-18730,Olvera Toch,At-Risk,1,66,5,3818.62
PA-19060,Pete Armstrong,At-Risk,1,104,6,729.41
PB-18805,Patrick Bzostek,Loyal,3,26,3,740.36
PB-19105,Peter Bühler,At-Risk,1,58,4,688.32
PB-19150,Philip Brown,Hibernating,2,98,8,1456.95
PB-19210,Phillip Breyer,Loyal,3,689,2,132.74
PC-18745,Pamela Coakley,Champions,0,3,4,1832.06
PC-19000,Pauline Chand,Loyal,3,883,2,1061.49
PF-19120,Peter Fuller,At-Risk,1,836,4,9062.86
PF-19165,Philip Fox,At-Risk,1,197,6,2770.0
PF-19225,Phillip Flathmann,At-Risk,1,115,5,2206.13
PG-18820,Patrick Gardner,Hibernating,2,37,13,3086.91
PG-18895,Paul Gonzalez,Hibernating,2,58,9,1987.16
PH-18790,Patricia Hirasaki,Loyal,3,71,1,729.65
PJ-18835,Patrick Jones,Champions,0,40,8,1220.09
PJ-19015,Pauline Johnson,At-Risk,1,135,7,1824.23
PK-18910,Paul Knutson,Loyal,3,484,2,1441.15
PK-19075,Pete Kriz,Hibernating,2,10,12,8646.93
PL-18925,Paul Lucas,Champions,0,16,5,239.48
PM-18940,Paul MacIntyre,At-Risk,1,387,3,1405.4
PM-19135,Peter McVee,At-Risk,1,52,4,4115.66
PN-18775,Parhena Norris,Champions,0,31,8,1467.15
PO-18850,Patrick O'Brill,Champions,0,5,11,7473.83
PO-18865,Patrick O'Donnell,Champions,0,1,7,2493.21
PO-19180,Philisse Overcash,Hibernating,2,161,9,4893.04
PO-19195,Phillina Ober,At-Risk,1,87,5,1056.86
PP-18955,Paul Prost,Hibernating,2,98,10,7252.61
PR-18880,Patrick Ryan,Champions,0,37,5,1840.18
PS-18760,Pamela Stobb,At-Risk,1,108,6,2181.48
PS-18970,Paul Stevenson,Hibernating,2,70,8,1278.64
PS-19045,Penelope Sewall,Hibernating,2,237,7,6843.63
PT-19090,Pete Takahito,Loyal,3,72,4,160.57
PV-18985,Paul Van Hugh,At-Risk,1,90,5,2876.05
PW-19030,Pauline Webber,Hibernating,2,47,10,3454.92
PW-19240,Pierre Wener,Hibernating,2,465,7,3922.42
QJ-19255,Quincy Jones,Hibernating,2,26,9,6108.34
RA-19285,Ralph Arnett,Champions,0,6,9,2617.91
RA-19885,Ruben Ausman,Hibernating,2,44,7,3832.31
RA-19915,Russell Applegate,Champions,0,13,9,4793.54
RA-19945,Ryan Akin,At-Risk,1,62,5,1686.92
RB-19330,Randy Bradley,Loyal,3,69,2,1008.2
RB-19360,Raymond Buch,Hibernating,2,97,6,15117.34
RB-19435,Richard Bierner,Champions,0,20,8,2663.09
RB-19465,Rick Bensley,Champions,0,10,12,4715.47
RB-19570,Rob Beeghly,Champions,0,26,5,528.55
RB-19645,Robert Barroso,Loyal,3,649,5,221.08
RB-19705,Roger Barcio,At-Risk,1,55,4,2067.45
RB-19795,Ross Baird,Hibernating,2,33,8,5633.32
RC-19825,Roy Collins,At-Risk,1,370,6,966.41
RC-19960,Ryan Crowe,At-Risk,1,111,6,885.75
RD-19480,Rick Duston,Hibernating,2,73,8,4272.93
RD-19585,Rob Dowd,Hibernating,2,181,10,2912.89
RD-19660,Robert Dilbeck,At-Risk,1,115,5,2786.63
RD-19720,Roger Demir,Champions,0,22,10,1419.74
RD-19810,Ross DeVincentis,Champions,0,15,8,1137.62
RD-19900,Ruben Dartt,Hibernating,2,115,9,3133.92
RD-19930,Russell D'Ascenzo,At-Risk,1,43,4,970.94
RE-19405,Ricardo Emerson,Loyal,3,1098,1,48.36
RE-19450,Richard Eichhorn,At-Risk,1,303,5,876.7
RF-19345,Randy Ferguson,Hibernating,2,391,8,3309.15
RF-19735,Roland Fjeld,Hibernating,2,90,7,2341.3
RF-19840,Roy Französisch,Champions,0,7,8,945.22
RH-19495,Rick Hansen,Champions,0,33,5,3621.38
RH-19510,Rick Huthwaite,Hibernating,2,468,6,6979.18
RH-19555,Ritsa Hightower,Loyal,3,520,2,740.38
RH-19600,Rob Haberlin,At-Risk,1,535,3,2085.74
RK-19300,Ralph Kennedy,At-Risk,1,120,3,1460.19
RL-19615,Rob Lucas,Hibernating,2,122,8,6234.91
RM-19375,Raymond Messe,At-Risk,1,346,6,1453.47
RM-19675,Robert Marley,Champions,0,7,5,5979.1
RM-19750,Roland Murray,Loyal,3,300,1,98.35
RO-19780,Rose O'Brian,Hibernating,2,36,7,3815.48
RP-19270,Rachel Payne,At-Risk,1,497,4,954.65
RP-19390,Resi Pölking,Hibernating,2,34,12,5153.08
RP-19855,Roy Phan,Champions,0,29,8,2170.72
RR-19315,Ralph Ritter,Loyal,3,20,2,615.93
RR-19525,Rick Reed,At-Risk,1,171,6,3302.26
RS-19420,Ricardo Sperren,At-Risk,1,77,5,3221.29
RS-19765,Roland Schwarz,Hibernating,2,37,8,4159.77
RS-19870,Roy Skaria,Loyal,3,20,2,22.33
RW-19540,Rick Wilson,Hibernating,2,121,7,7397.4
RW-19630,Rob Williams,Hibernating,2,90,9,3279.75
RW-19690,Robert Waldorf,At-Risk,1,80,5,3495.65
SA-20830,Sue Ann Reed,Hibernating,2,64,10,4767.34
SB-20170,Sarah Bern,At-Risk,1,202,3,1348.02
SB-20185,Sarah Brown,Hibernating,2,189,6,6411.0
SB-20290,Sean Braxton,Hibernating,2,48,7,8057.89
SC-20020,Sam Craven,At-Risk,1,782,5,3362.96
SC-20050,Sample Company A,Hibernating,2,41,9,4624.57
SC-20095,Sanjit Chand,Hibernating,2,350,9,14142.33
SC-20230,Scot Coram,At-Risk,1,150,4,4371.96
SC-20260,Scott Cohen,Hibernating,2,188,8,3729.79
SC-20305,Sean Christensen,Champions,0,30,7,3979.06
SC-20380,Shahid Collister,Hibernating,2,31,9,5992.54
SC-20440,Shaun Chance,Champions,0,37,7,1875.0
SC-20575,Sonia Cooley,At-Risk,1,93,5,902.73
SC-20680,Steve Carroll,At-Risk,1,127,6,1254.64
SC-20695,Steve Chapman,Hibernating,2,90,10,2576.41
SC-20725,Steven Cartwright,Hibernating,2,188,11,5226.21
SC-20770,Stewart Carmichael,Hibernating,2,42,7,4492.66
SC-20800,Stuart Calhoun,Loyal,3,31,4,279.26
SC-20845,Sung Chung,Loyal,3,132,2,280.63
SD-20485,Shirley Daniels,Hibernating,2,201,9,6121.11
SE-20110,Sanjit Engle,Hibernating,2,10,11,12209.44
SF-20065,Sandra Flanagan,At-Risk,1,60,7,763.55
SF-20200,Sarah Foster,Hibernating,2,60,9,3422.79
SF-20965,Sylvia Foulston,Hibernating,2,49,9,3336.54
SG-20080,Sandra Glassco,Champions,0,9,3,3406.58
SG-20470,Sheri Gordon,Hibernating,2,184,8,1884.8
SG-20605,Speros Goranitis,Hibernating,2,109,6,3124.83
SG-20890,Susan Gilcrest,Loyal,3,227,3,47.95
SH-19975,Sally Hughsby,Hibernating,2,30,13,3406.84
SH-20395,Shahid Hopkins,Champions,0,24,10,2180.72
SH-20635,Stefanie Holloman,At-Risk,1,766,2,2096.39
SJ-20125,Sanjit Jacobs,Hibernating,2,96,12,3949.66
SJ-20215,Sarah Jordon,Champions,0,30,6,1341.04
SJ-20500,Shirley Jackson,At-Risk,1,254,5,1318.78
SK-19990,Sally Knutson,Champions,0,9,3,883.41
SL-20155,Sara Luxemburg,Hibernating,2,71,7,3053.01
SM-20005,Sally Matthias,Loyal,3,422,4,244.49
SM-20320,Sean Miller,Hibernating,2,80,5,25043.05
SM-20905,Susan MacKendrick,Loyal,3,607,1,1043.04
SM-20950,Suzanne McNair,Hibernating,2,26,12,5563.39
SN-20560,Skye Norling,At-Risk,1,112,6,1860.42
SN-20710,Steve Nguyen,Hibernating,2,80,7,3127.96
SO-20335,Sean O'Donnell,Champions,0,30,6,2602.58
SP-20545,Sibella Parks,At-Risk,1,328,6,1306.09
SP-20620,Stefania Perrino,Hibernating,2,48,9,5440.32
SP-20650,Stephanie Phelps,Hibernating,2,387,9,1872.44
SP-20860,Sung Pak,Hibernating,2,80,10,4282.94
SP-20920,Susan Pistek,Hibernating,2,71,6,3990.69
SR-20425,Sharelle Roach,Champions,0,9,5,3233.48
SR-20740,Steven Roelle,Hibernating,2,197,8,4345.89
SS-20140,Saphhira Shifley,Champions,0,16,8,1324.03
SS-20410,Shahid Shariari,Hibernating,2,111,6,3056.81
SS-20515,Shirley Schmidt,Loyal,3,492,3,613.4
SS-20590,Sonia Sunley,At-Risk,1,433,6,418.49
SS-20875,Sung Shariari,At-Risk,1,121,5,964.64
ST-20530,Shui Tom,At-Risk,1,126,7,433.34
SU-20665,Stephanie Ulpright,Champions,0,21,7,2595.36
SV-20365,Seth Vernon,Hibernating,2,102,10,11470.95
SV-20785,Stewart Visinsky,Hibernating,2,321,9,4105.3
SV-20815,Stuart Van,At-Risk,1,77,4,1271.09
SV-20935,Susan Vittorini,Champions,0,3,8,1903.49
SW-20245,Scot Wooten,At-Risk,1,82,7,1085.08
SW-20275,Scott Williamson,Champions,0,31,6,1966.65
SW-20350,Sean Wendt,At-Risk,1,163,3,1019.04
SW-20455,Shaun Weien,Hibernating,2,163,7,2921.54
SW-20755,Steven Ward,Loyal,3,535,2,758.7
SZ-20035,Sam Zeldin,Hibernating,2,36,11,3625.33
TA-21385,Tom Ashbrook,Hibernating,2,70,4,14595.62
TB-21055,Ted Butterfield,At-Risk,1,120,5,1467.88
TB-21175,Thomas Boland,At-Risk,1,59,4,3589.3
TB-21190,Thomas Brumley,At-Risk,1,50,4,816.17
TB-21250,Tim Brockman,At-Risk,1,350,7,1602.38
TB-21280,Toby Braunhardt,At-Risk,1,584,6,2198.45
TB-21355,Todd Boyes,At-Risk,1,147,5,834.33
TB-21400,Tom Boeckenhauer,Hibernating,2,203,7,9133.99
TB-21520,Tracy Blumstein,Hibernating,2,108,9,4737.49
TB-21595,Troy Blackwell,At-Risk,1,286,5,1387.56
TB-21625,Trudy Brown,Hibernating,2,31,9,2797.67
TC-20980,Tamara Chand,Hibernating,2,400,5,19052.22
TC-21145,Theresa Coyne,Loyal,3,107,1,1038.26
TC-21295,Toby Carlisle,Hibernating,2,28,8,4266.81
TC-21475,Tony Chapman,Hibernating,2,154,9,1244.98
TC-21535,Tracy Collins,Champions,0,5,7,742.56
TD-20995,Tamara Dahlen,Champions,0,38,9,1434.55
TG-21310,Toby Gnade,At-Risk,1,338,5,3058.37
TG-21640,Trudy Glocke,At-Risk,1,115,4,2074.66
TH-21100,Thea Hendricks,At-Risk,1,345,5,2422.82
TH-21115,Thea Hudgings,At-Risk,1,59,4,2942.77
TH-21235,Tiffany House,At-Risk,1,118,8,1022.2
TH-21550,Tracy Hopkins,Hibernating,2,73,7,4234.1
TM-21010,Tamara Manning,Hibernating,2,104,8,2955.23
TM-21490,Tony Molinari,At-Risk,1,131,3,1094.68
TN-21040,Tanja Norvell,Hibernating,2,91,7,3130.22
TP-21130,Theone Pippenger,Champions,0,9,9,4454.06
TP-21415,Tom Prescott,Hibernating,2,105,5,5329.0
TP-21565,Tracy Poddar,At-Risk,1,351,4,1936.64
TR-21325,Toby Ritter,At-Risk,1,194,5,675.94
TS-21085,Thais Sissman,Loyal,3,358,2,4.83
TS-21160,Theresa Swint,At-Risk,1,505,6,2163.62
TS-21205,Thomas Seio,Hibernating,2,199,7,5371.09
TS-21340,Toby Swindell,At-Risk,1,227,5,974.78
TS-21370,Todd Sumrall,Hibernating,2,37,6,11891.75
TS-21430,Tom Stivers,At-Risk,1,173,5,2054.14
TS-21505,Tony Sayre,Champions,0,12,6,2243.27
TS-21610,Troy Staebel,Hibernating,2,56,7,2820.42
TS-21655,Trudy Schmidt,At-Risk,1,239,5,3368.09
TT-21070,Ted Trevino,Hibernating,2,32,7,4915.6
TT-21220,Thomas Thornton,At-Risk,1,184,8,1427.04
TT-21265,Tim Taslimi,Loyal,3,407,3,439.5
TT-21460,Tonja Turnell,Champions,0,13,7,5364.81
TW-21025,Tamara Willingham,Hibernating,2,65,7,5278.83
TZ-21580,Tracy Zic,At-Risk,1,36,4,1707.29
VB-21745,Victoria Brennan,Champions,0,55,6,2005.6
VD-21670,Valerie Dominguez,At-Risk,1,582,6,6442.25
VF-21715,Vicky Freymann,Champions,0,14,5,847.94
VG-21790,Vivek Gonzalez,At-Risk,1,155,6,846.01
VG-21805,Vivek Grady,At-Risk,1,287,5,427.37
VM-21685,Valerie Mitchum,Hibernating,2,55,7,2454.87
VM-21835,Vivian Mathis,At-Risk,1,118,5,380.69
VP-21730,Victor Preis,At-Risk,1,31,3,993.9
VP-21760,Victoria Pisteka,Hibernating,2,76,7,3360.53
VS-21820,Vivek Sundaresam,At-Risk,1,222,4,1055.98
VT-21700,Valerie Takahito,At-Risk,1,1001,2,1736.6
VW-21775,Victoria Wilson,Hibernating,2,29,10,6134.04
WB-21850,William Brown,Hibernating,2,21,11,6160.1
XP-21865,Xylona Preis,Hibernating,2,44,11,2374.66
YC-21895,Yoseph Carroll,Champions,0,5,5,5454.35
YS-21880,Yana Sorensen,Champions,0,10,8,6720.44
ZC-21910,Zuschuss Carroll,Hibernating,2,55,13,8025.71
ZD-21925,Zuschuss Donatelli,At-Risk,1,203,5,1493.94
